<?xml version="1.0" encoding="ISO-8859-1"?>
<Configuration>
<Database_File_Name>\Configuration\Database.xlsx</Database_File_Name>
<Image_Folder_Path>\Images</Image_Folder_Path>
<Custo_Mail_Subject>XYZ-Funds KYC Document Submission</Custo_Mail_Subject>	
<Database_SheetName>LogInData</Database_SheetName>
<Database_Column2>Mail ID</Database_Column2>
<Database_Column3>Last Name</Database_Column3>
<Database_Column8>New Transaction Flag</Database_Column8>
<Database_Column4>DOB</Database_Column4>
<Database_Column5>Mobile No.</Database_Column5>
<Database_Column6>PAN Number</Database_Column6>
<Database_Column7>Adhaar No</Database_Column7>
<Mail_Subject2>Adhaar - Document Uploded Sucessfully</Mail_Subject2>
<Mail_Subject3>PAN - Document Uploded Sucessfully</Mail_Subject3>
<Mail_Subject4>Adhaar - Document Not Uploded Sucessfully</Mail_Subject4> 
</Configuration>