EntityID,BrandName
ENTITYBNPJZ2YNAWKC,Vero
ENTITY3Q2BWCO5BCWR1,AMKETTE
ENTITY246RD3U23MDBH,Plum
ENTITY113C78K499EEG,Elsevier
ENTITY16H9LWC3B48T9,GEAR
ENTITY1MUI5YD3E6Q6R,McGraw Hill Education Higher Ed
ENTITY114PD81V96LHQ,Newnik
ENTITY5BFNDWL0CLU1,mamaearth
ENTITY3UTQ13ZRYVSXD,Bombay Shaving Company
ENTITY1P9I2UQRSW7UQ,MCaffeine
ENTITYSSSMUWPKWUPB,Ceat
ENTITYL53DEUV1L3D2,Karcher
ENTITY1XRWVS2Z4DWV8,Yellow Chimes
ENTITYOFWREFOYXNR0,Bioworld Merchandising India Pvt Ltd
ENTITY3RWE2WCEY6354,The Man Company
ENTITY2UH7TSPKGAY0,Bliss of Earth
ENTITY17VUQFUW7EXYD,Rupa Publications India
ENTITY2B168GVABTDR5,Belkin
ENTITY2ZNOXC1Z9JT6K,Max Secure
ENTITY1HQGDFJGUBUXS,Maxima
ENTITY1NZBQJ327FXAM,Qraa
ENTITY2XRTXFHXHJC5Q,Yark
ENTITY3BE2UHZ8BNYFS,Oh My Goodness!
ENTITY35PLNNGZHK393,Janasya
ENTITY3AY9FMOBVNDGO,Cozymat
ENTITY3KQLQO6BUO9T8,oiva
ENTITY1WE8MPM6MATFH,beyerdynamic
ENTITYZ5F82EMA22VZ,Hindware Appliances
ENTITY2T4Y1RGZ1GLFX,ZEBRONICS
ENTITYD98IPGI77INV,Moonbow
ENTITYWFT1V2M3L04C,The Linen Company
ENTITYC9LE89E0QB7O,Slurrp Farm
ENTITYU29OYGWJU9HX,Brother
ENTITY3LOH5TFF4P6M8,Parcos
ENTITYLNALOBJ4ULEK,Ferrari
ENTITY14NL8Q2755VJ2,Elizabeth Arden
ENTITY3CRZ9GL99IFL2,Shakira
ENTITYLUGXAANY1G6X,Carolina Herrera
ENTITY1IKQES3POBV5V,Paco Rabanne
ENTITY3EL2M3B0APAI3,United Colors of Benetton Perfumes
ENTITYDSGY91D2MTPU,Ant Audio
ENTITYYN6DA5X53BYR,Ant Esports
ENTITYEN3RNZ4O0P2N,Razer
ENTITY2BE7IF4A06LJ7,SteelSeries
ENTITY3LYL5FL3LLCLS,Hercules
ENTITYVKHEUD170FT,SoundMAGIC
ENTITY33SAW77I6OW26,Gamdias
ENTITY2LKEY9SCRJXAR,Inno3D
ENTITY3KZ3ZYGPTMBA0,Hugo Boss
ENTITY1VEMB542M9K25,Jean Paul Gaultier
ENTITYW2WO44YHZBJ2,Nina Ricci
ENTITY3GU9P6WS5SAD8,Shiseido
ENTITY3C580TI130JSE,Yves Rocher
ENTITY13UK7I6WW4LWJ,Moda Dio
ENTITY11GH07P16I3I1,Celestech
ENTITY2Y2KUEVLPXY6F,otterbox
ENTITY3GYW00OWJ7D58,Zagg
ENTITY25R0ISHO0T945,Spartan Sport
ENTITY1RZZQNYCG1FF,T2F
ENTITY5YNSFFW3L1Y0,Phy
ENTITY3Q6Q2LG0DUZ0U,Meyer
ENTITY1R80AKDEREUQ3,McGraw Hill Education India
ENTITY1V3DTTUU04M66,Targus
ENTITYUUFGBZQO8PIJ,Pebble
ENTITYVTTE33G0C58A,KLAXON
ENTITY9YJ8H9LFMH2B,Nature's Absolutes
ENTITY29U8O1VR07IDI,Ambrane
ENTITY3OMQDI9QK2J8L,Nirlon
ENTITYUIKHA1MKZK4A,Nutree Pure
ENTITY23F1CSFN6YUMC,Trend Micro
ENTITY14IARNQ03GQNZ,RMZ City
ENTITY1TRZLJUPCUGHM,munchkin
ENTITY2HKRC9RVANNDU,medela
ENTITY5KKVQP6WY0Q1,waterman
ENTITYY739QKJWPLND,Panjon Swad
ENTITY30RU640WQ5BZE,pilot
ENTITYWPUHKOBHXFZI,parker
ENTITYSEXRRM6P415O,luxor
ENTITY3VHFCZFFJU6PZ,turbos
ENTITYM00RE1YQPQK5,baidyanath
ENTITYQOI1BLIKTE5H,Magasin
ENTITY3UCEMCUBQTZMW,corsair
ENTITY4UMA6GJM1DUM,sugar cosmetics
ENTITY3B2UZCNNCXVQ4,Intern
ENTITY1LDAE9W23O5UE,centy toys
ENTITY3FPMPH6TY95R9,arctic
ENTITY277TM8JOD4UL1,Webby
ENTITY3VTJV1118OMR9,Baby mate
ENTITY351AJBQ9CS8FB,4m
ENTITY2CUNVCI0WRTZC,aroma factory
ENTITY36Y3D9ZVWY5FW,Lapguard
ENTITY2A6WM77R2E07U,COIRFIT
ENTITY33PLJUKYKWDJ2,wavex
ENTITYUEEPOWFI5LF6,Bel Casa
ENTITY1C851CPZT8XVZ,Luxcy
ENTITY1BM7Y29T1N4RH,Vibe
ENTITY1IWOMHRJA2OO3,B- Kids
ENTITYIVMLAHNTSVZU,Sugar Free
ENTITYPUFOQKG6I54L,Legrand India
ENTITY3C6UWQ8DTW377,D:FY
ENTITYE3RVHUHB2RWB,Jaipur Kurti
ENTITYLJZVKZS2HGVA,NEGI
ENTITY1272F6LFUA9KF,Truefarm
ENTITY12JITFCGF8XY0,escan
ENTITY351S6TJ9IXOEX,mboss
ENTITY1TKTKZOSH89JQ,Happy Ratio
ENTITY27AX5ML3K3QCK,Chhota Bheem 
ENTITY2R7D5OAGFXEM8,Daana
ENTITY4FYN7HKQD0US,Sehaz Art Works
ENTITYDN1F95WZSHWL,Edifier
ENTITY1YPREU75VE28P,Everyuth
ENTITY1M0IA7GE7HGX1,Rico
N/A,Del monte
ENTITY3CAIA2LHLF4JQ,Fort Collins
ENTITY2YGVOULT1USS6,Lux Cozi
ENTITY2YKSMXJIO18XU,Lux Lyra
ENTITY4OIJHK78YQSR,Lux Venus
ENTITY2CYT9NCIQPB3J,ONN
ENTITY3LPHWU8BAIBT4,Pantaloons
ENTITYK083Q5D7ZXWE,Voylla
ENTITYUH7E4NANUUXX,Balenzia
ENTITY3LCZGF3NI0BQH,EUME
ENTITY3H1OOS6VC582N,INDIAN TERRAIN
ENTITYVPZLQ6BOAYIM,Weikfield
ENTITY1I2SERV1X47VF,Eco Valley
ENTITY21OWDYR8XZ3IO,Borges
ENTITY145LJCGCNMZK4,Triumph
ENTITY37ZC15VVAG07Y,Clovia
ENTITY1G6PV0547XUQK,Daniel Klein
ENTITYJD3DFZ9DUFUC,Setu
ENTITYXEU2I38CC74J,Vans
ENTITY26VEHI9G5BIEO,Royal Export
ENTITY1GNTI64G5KRPL,Oakter
ENTITY3TF1IM6FR9XU,Nauti Nati
ENTITY12H2X690P385F,Plantronics
ENTITY3IA709VXBGKJG,Aarika
ENTITY2RA4R8DLJMCBN,612 league
ENTITYE14DJNYTRNUZ,Aurelia
ENTITY2HAAU0H8DZV7M,W for Women
ENTITY8IVKCK041NNZ,Killer
ENTITY65EVUZE6YSY0,Apsara
ENTITY1SOC1QY6I4118,Giordano
ENTITY3RUEJ4Z67KNJU,Timex Group India Limited
ENTITY35M6EXJJLFO3N,Lotto
ENTITY1468Z8QLQ3OG,Revital H
ENTITY2HWPSYAOT86UN,Smiles Creation
ENTITY1QL3RQ38B10MS,Lux Cott'swool
ENTITY1Q87GQ7KV3UM3,Lux Inferno
ENTITY22GD0L7X7VP9Y,Greenbrrew
ENTITY130CB4KQRKF9W,Kidz Valle
ENTITY7FAUG8VP62VE,Zlade
ENTITY2M8I8ZA13SUUK,Mee Audio
ENTITY3PEY5J6L4FW7Z,Wicked Audio
ENTITY1DXDGT2FQVNW0,Monte Carlo
ENTITYG50I675CDBZ5,Buzz Bee
ENTITY1YJBPYK8AVES7,Park Avenue Grooming
ENTITY398S4Z22PAZ4E,Park Avenue Perfumes
ENTITY25034GAVURBNK,Organic India
ENTITY1A6GA5PB1WJ4,Boult
ENTITY3M0JGNMU8KOK9,ADL Music
ENTITY2B8VBCEF5JNXH,Xoopar
ENTITY1U1TLAX4X8RBY,Just Herbs
ENTITY32Y7HRAPLLJXO,Niconi
ENTITY3GSDEJYA3BYZR,Portronics
ENTITY2VJ4H2Y1POKJL,Kevin
ENTITY2BSX4HCM7JSJF,Regor
ENTITYEVJYTVOI60BV,Wrangler
ENTITY6N21O1WN3GCM,4700BC Popcorn
ENTITY9D6HUTX27XHS,SebaMed India
ENTITY1FM8YSQOQ5FMI,Rapoo
ENTITY1NL4WS0G1IFGC,Vineet Bajpai
ENTITY1F81E3QEIIVOL,Roop Mantra
ENTITY1I5244CD1YIC7,Stag
ENTITY3LSBL3P7BD9YO,VIOPATCH
ENTITY11G7PP1PAOIDH,Babolat
ENTITY33W6ACV7S3XY9,Kuber Industries
ENTITY2EGMRFDBSUL8Y,Procel
ENTITY1YSHY0I3MPZP6,Vitrovea
ENTITYYCU1ITR6H0O1,Bonjour Paris
ENTITY3F40SIOO9PTQW,Color Fever
ENTITY3QUULMFGP65AZ,Rupa
ENTITYQDY05I414YGS,Butterfly
ENTITY1XD34WR7FMLO,JAAMSO ROYALS
ENTITY25OL0X69IP5GE,Pet Saffa
ENTITY3L3YS7YYL2ZA,Dreamland Publications
ENTITY1E80KH4N38OZC,Times Music
ENTITY14JJCCWYA7ZRK,BenQ India
ENTITYKEQZ7L3YI7TQ,Melissa & Doug
ENTITY12TWPB3B8LJSY,Sleepsutraa Mattress
ENTITY1UB630REANEP7,Kohler
ENTITY1U95MB2NYZYOJ,FiiO
ENTITY3LDFUMXOXA5MS,Snakebyte
ENTITYGSJ7JUZ5XJGS,Travelkhushi
ENTITY1U92BTY2FPHPU,Jelly Belly
ENTITY26YH0U3LAVJRW,MICHELIN
ENTITY2VEX08RT56BBC,ExclusiveLane
ENTITY2N4QBO34F7D9Q,Accumass
ENTITY1EWDLA9TUDMTY,Dr.Ortho
ENTITY2555S93SLW603,Natural Vibes
ENTITY3774UJAKO4FHI,Rooh
ENTITY6YSRM7FSFUXE,Max Care
ENTITY3U5QYTBFE1MWP,Suunto
ENTITY1Y3GQUGEU7G94,Dupatta Bazaar
ENTITY3HO6WHI0EDQK6,Sutra
ENTITY25SXN9QGXOWV4,Oshotto
ENTITY3VE75NQFG912T,Playboy
ENTITY26I18W0EBZGS5,Nautica Perfumes
ENTITY2MM49HUD4J7WV,Police
ENTITY2QR8CQVAGIUP1,ONTHERUN
ENTITY3DMXYODB3G84Q,Yokins
ENTITY30R69DTN4I9EK,Stylespa
ENTITY29BKL7SB9HVFV,Pan America
ENTITY2BE145ZIVBR8,Centuary Mattresses
ENTITY31BY008514YIM,Zuari
ENTITY2JY2I420NEZSJ,Ozone Herbals
ENTITY34BGH5ZPOM03D,Ketofuel
ENTITYYVVYR9KNSIJ4,Mattress Protector
ENTITY20WP4BAPFKIY8,Oyo Baby
ENTITYCJTUFZEUCCBL,Newish
ENTITYR748XH6WBNKX,Luminous
ENTITY2OODC8BW5LCR1,Fruit of the Loom
ENTITY3JFIWXNDN6Q3S,Taxmann
ENTITY2DFL08K3994ZP,Everyday Kitchen Storage Accessories
ENTITY3BKJG5KDIWJK1,Kamasutra
ENTITY37R8A1IQUAX89,Femmora
ENTITY1W3JA9K33XBXY,Surya Roshni Limited
ENTITY3M6NHHNXUFCJF,Charms
ENTITY1DHEGLDLURC8Q,BIGMUSCLES NUTRITION
ENTITY281H54QCRGM8T,Soulfull
ENTITY5LDKOQJV1BT2,Indica�Beard & Moustache
ENTITY2DF10K8PGAOJM,Chik
ENTITYNV6YFMT08OJT,Meera
ENTITYZ3MKM20Q0F92,Nyle
ENTITY1JU3DLHOBT276,Spinz
ENTITYARO6KZO58AEA,Optimum Nutrition
ENTITY2NM5EOFVB65JQ,Isopure
ENTITY2Q3BR3JCD2ZW1,Chicco
ENTITY31QDJSTX0JNQE,Linksys
ENTITYQW3BR48JUKA8,Chromozome
ENTITY223FP2QI9IGM1,SIRONA
ENTITY12R2367PZTMHU,BODYGUARD
ENTITY2FER9RT28W2OQ,PeeBuddy
ENTITY1PCGRBUDKWLF3,Miss Chase
ENTITY2JZXU6MHGOMOJ,Bitdefender
ENTITYDYMPH0HK9LAA,PROBURST
ENTITY3N16V9WIRCRDD,amante'
ENTITY32Q0OGQCOFFTE,Equinox
ENTITY2F6L5HM8BA5DY,McAfee
ENTITY19W5LTW29U2RT,Ruosh
ENTITY29Z2GTDJHCVRY,Kingsway
ENTITY3GT2WJO448MKE,Pronto
ENTITY3D1SQWPBRZTEK,Life
ENTITY357TJUO9XGD9Z,Haute curry
ENTITY7KUL111EX231,Kashish
ENTITYO92FHSYP70AW,STOP
ENTITY15FWGSOLIE1SP,Vetterio Fratini
ENTITY2PG60G07N5S3W,Si Rosa hopscotch
ENTITY18YS4ZNNXBFBL,Duke
ENTITY1OGQOREPT48A8,Dish Tv
ENTITY1CZA9MDW6BE3V,Edimax
ENTITY1QLCTUARDXFW4,Rigo
ENTITY1E8O39CNYJY7J,Panasonic
ENTITY3HOZ1PH0J6AC7,CIPLAPLAST
ENTITY2LNUHOG87FYZT,Branco
ENTITYBNY0J9P62HA2,Cross
ENTITY23ODTHW7VZPZB,Beardhood
ENTITY3UNTYJ3XI8GN1,Choostix
ENTITYDNGV036R0TYE,Streax
ENTITY3GTPNM7H1E98X,Cockatoo
ENTITY34G9DZT2Q13VX,The EnQ
ENTITY3ESD2UKR37VCK,People
ENTITY1O5CI1W5UZCLA,Polk Audio
ENTITY2O3ZJS9UHI5I1,Synology
ENTITYOQPV8KUYTAIG,Simon Carter 
ENTITY2Q5DJV1PGEG5K,Ruggers
ENTITY11T5DSHBAJ664,Newport
ENTITYXUPLJFSFBTSH,Excalibur
ENTITY3OOYD6JU321KF,Karigari
ENTITY1Y9Z14BVIYYWB,Cherokee
ENTITY3QSI1S3XXEYE2,Kingston Technology
ENTITYONK029VW64FM,HyperX
ENTITY1XG4IQ0P3VA2B,Envent
ENTITY3UY23EBY44X7T,Calvin Klein
ENTITY1OCHQYUDXXNPA,Kennel Kitchen
ENTITY21RMBDQGIZDC7,Davidoff
ENTITYW1ZONM9QJ0CK,halonix
ENTITYN58NJ0IT2LJ0,Vega
ENTITY1JAYDBTNJ1T15,Te-A-Me
ENTITY293QL2R0XQO2Y,The Moms Co.
ENTITY2NNZM6NB59COK,Jeva
ENTITYO4QKPWR81W50,Springtek
ENTITY3IP01GITVVGUD,Regency
ENTITY3K6OJ4ZM035FJ,Moskitosafe
ENTITY6MXY2XX74ECR,Sunbaby
ENTITY1XQ8PC4C6DKL0,Naturoz
ENTITY3Q5I4C40X3H51,Tulsi
ENTITYH63HC5Z4EG9U,Gourmia
ENTITYLGQSDJUJKFW,Pee safe
ENTITY3LLXAK7BDKN18,The Face shop
ENTITY20E6P74VCP2GD,Saregama pvt ltd
ENTITY107TPMRW84JAE,Damen Mode
ENTITY3IYTYIIQGY2KE,Sattviko
ENTITY1T0QK79X8GLXZ,1 STOP FASHION
ENTITY1M1U8INX14CE6,92 MILES
ENTITY3HD0MXPT2WCCV,A2 Ghee
ENTITY24YPU1YWR6245,ACTIVE
ENTITY24Z1MFTAPLFL8,Adidas
ENTITY36OSYKHF63WEK,ALC Creation
ENTITY2186RJPJPLKAU,Alessia74
ENTITYRL5VLP4U4QH6,Anand Neelakantan
ENTITY1TMYPVIANRE5K,Anni Designer
ENTITY1F3T29LJ4SCO6,ArmorAll
ENTITYC1IKH1WBZV35,Artisanal Gouri's Goodies
ENTITY9588I7UTXA27,Atasi International
ENTITYIW3EYKGTA3K6,Avishek Sahu
ENTITY1DJEVEHUH595V,ayesha
ENTITY14J3ZZPNH1IWG,Barbie by Many Frocks &
ENTITY3MM3FNON9QM71,Basement Bazaar
ENTITY3PJ4VU56E6RGL,Blueberry
ENTITY35Z94VLFAFCSU,Body Cupid
ENTITYI2BHZ4ODII2P,Brain Mapping Academy
ENTITY1OG9VHDQDQ8HZ,BREAK
ENTITYPVJ2RAV13PJG,Calix Herbal
ENTITY10DUTBB4QQ3GD,CARMATE
ENTITY12A2ULFLRC6XR,Clever Cubes
ENTITY3QS7UB1P7V8AX,clickforsign
ENTITYPB173WYESI90,cloth theory
ENTITY3GTPNM7H1E98X,Cockatoo
ENTITY30MP9FR3I89CX,Colombian Brew Coffee
ENTITYL7M4KZSCH21L,Crystal
ENTITY21RMBDQGIZDC7,Davidoff
ENTITYSKTGJFC5ZGUY,Dchica
ENTITY35785W8UDTD72,Decostyle
ENTITY3AFWR0W385NYC,Dell Refurbished
ENTITY234PHP8ZYQEF9,Dragonwar
ENTITY3BIZIHKRJWTJ3,DYNA
ENTITY27Z7VKO4NSZSY,Earthy Sapo
ENTITY2P4UAW6CE1P2J,Embassy Books
ENTITYXUPLJFSFBTSH,Excalibur
ENTITY18WQV4YDM0QZA,FAB NATION
ENTITY32I7HDUDM5PRK,Feather
ENTITY22J8BYE3LKAGM,Fingerprint Publishing
ENTITY3OJ0SBNY0RDMM,FP Mega Bloks
ENTITY21YN719KPD6QF,Frontier India
ENTITY3FCCY8DC2BRY0,GENERAL PRESS
ENTITY1692M3WMYH8DB,G-tech
ENTITY12DKSBQ72BZER,HalfTicket
ENTITY2XN63YTWQERP6,Healthgenie
ENTITY3M4GY09N8QO7Q,Hind Yugm
ENTITY1QOJKKR0VFYR6,HIREL'S
ENTITY2ZKXW3GEIXT24,Horsefly
ENTITY8XYZC9TEFWF8,Ikkai
ENTITY3O4I5ZBZR6WA7,Impeccable Home
ENTITY1N3I1CXE5OM56,indibelle
ENTITY2LKEY9SCRJXAR,Inno3D
ENTITY32MHA043GCINX,INWI
ENTITY150SWQAU5TNRW,Iraya
ENTITY10JQT776DJM56,Joie
ENTITY2QYH1W66EVN2N,kadambaby
ENTITY2DQYI55TV9NKQ,Kimino
ENTITY1MVPN62L7OOQ,Klamotten
ENTITY1WJX3GTW0IOU6,Klassic
ENTITY2EJL44V58N6OQ,Knotyy
ENTITY1MB2TOFLN2DMM,LD
ENTITY1RVRVS4AMV714,Lee
ENTITY31VYU1OO8I9S,Leeve Dryfruits
ENTITY289GHWDNC7U69,Life & Pursuits
ENTITY2OZJ6H2JA9EIZ,LI-NING
ENTITY1C851CPZT8XVZ,LUXCY
ENTITY2OWUKIS3MXQNR,Malhar
ENTITY3339QLWY4IE5H,Mark Home
ENTITY1ITUM9OQQDBB9,maspar
ENTITY2S8745TH064V8,Mazda
ENTITYXUKJTXBV6237,MBTC
ENTITYXIU47KY6LXFM,Miamour
ENTITY3EQRJ7RZ26K9,mophie
ENTITY23D95BJTY85QM,Morpheme Remedies
ENTITY2RH7MMOLJAVS3,Munchilicious
ENTITY1TRZLJUPCUGHM,Munchkin
ENTITY1VR1WD314PV81,Mysore Sandal
ENTITYZU4Y5CRPORLB,Namita Gokhale
ENTITY3B3XEWRHAIED2,NanoNine
ENTITY25GACE71MCHN7,Nature's Nectar
ENTITYMQCBV88K8A2Q,Nlytn
ENTITY1KI0T4KKRV8QC,NOTION PRESS
ENTITY2IRNAED3E689Q,Only Vimal
ENTITY2HSSLBJQPR0L0,Opple
ENTITYV98J5UVVL5QS,Organic Tattva
ENTITY3O5SZJUU2OA9V,Otomix
ENTITY2VJN1GKA21B08,Petacom
ENTITY3LQ9218QLC71I,PHI Learning Pvt. Ltd.
ENTITYTQPM684762JZ,Philips Avent
ENTITY2EP02T4UDTLFJ,Pioneer
ENTITY3398EGOD0WGEK,Planet Waves
ENTITY31COO5LU0VSPL,PolluGuard
ENTITYHL96ELRT8RAN,RAIN AND RAINBOW
ENTITY1R0BPCEKEAY1X,Rain-X
ENTITY2LJZXV1WQPTKU,Red Rose
ENTITYLI8RZNLREMIY,Redgrab Books
ENTITY14MAB4WJA29H6,Rey Naturals
ENTITY33358DYVHLLTY,Rishabh Puri
ENTITY93VMR10SH0IZ,Rozia
ENTITY3E4YNGYQWSLW2,Saloni Oil
ENTITY25HNNWD45X2J2,Schleich
ENTITY1C8AI4MAQJ4TQ,Secret Wish
ENTITY1XFI3S8P1J7B,SellnShip
ENTITY22LA9EH19GPFC,Sharp Plasmacluster
ENTITYGZ8A2YWIIL6I,sharpex
ENTITY3GV1N7PI3M7XN,SHEEBA
ENTITY29VRE8KGB12EA,Shining Diva Fashion
ENTITY2IJO73FWVIK9G,Silverlit
ENTITY30GH2QP51H095,Snuggles
ENTITY3DO0LWW4TP8EU,SPLAT
ENTITYGPERIFK12EJA,STP
ENTITY2OSIUV0ZKY16A,Strymon
ENTITY2N6CY31Z5KJA1,STUDDS
ENTITY3CFACD7F5IU8W,SUPADOGS
ENTITY16ENSOI1L41G4,Talbros Penray
ENTITY1TNECHJA96909,Tally
ENTITY2J95EPQAQ2UPE,tecmac
ENTITY298UMVKYQALRS,The Clownfish
ENTITY3H5ICA2821KM3,thinkvalue
ENTITY1A1NR5B8YCV4A,Townley Girl
ENTITYM0L6KZWMS7BK,Traveldoo
ENTITY2Z1PUCRJJI082,TRUDEAU
ENTITY1V2PHB5UMVOSP,Trumom
ENTITY2KRI1OFNJHTY8,TUM TUM
ENTITY1R2891RQ2H7ZZ,UMANAC
ENTITYV9W7OTBWI3PX,Under The Mango Tree
ENTITY5GRG4YIZJDWU,Unived
ENTITY2TKW2XC82VC1K,Unshackled
ENTITYKDRQIMTOIM6U,Urban Tribe
ENTITY15R5TN7M47CVX,Weber
ENTITYW8O37Y9C7IE2,XtraBond
ENTITY23JF1WKNH1SHS,Zephyr
ENTITYP748HP21LHYO,Zitto
ENTITY1UNLUL7H2Z6R7,Pepe Jeans sunglasses
ENTITYJHIA0HSD2BJH,Metamorph
ENTITY2AKYLYE8E0GIZ,Wings
ENTITY33C1D2D29ERM2,6 Degrees
ENTITY305QTM3V4BTL,Abir Mukherjee
ENTITY1R33OUIDTYU2L,ACE
ENTITY23MX557SDA91S,Asian Plastoware
ENTITY282NRRC1FGUE8,Autofy
ENTITYR6TK87KPAOD3,Avalife
ENTITY1DYCN2VUXKAGJ,Baggit
ENTITYUEEPOWFI5LF6,Bel Casa
ENTITYV20D8PBJCH6K,Bongio
ENTITY3THHXPANTV0Z4,BOSS
ENTITY11A62JQS3S0KT,BREWVIN
ENTITY235GEYSAJJB3H,Bumberry
ENTITY3DRLNWB1T0FP9,Callas
ENTITY21B79KNYC2EHN,Cambridge Tea Party
ENTITY3BQTTK151PQYY,CareerMonk Publications
ENTITY3KRG4OECGIFO,Colt
ENTITYRB17ZW4L8RSZ,Cornitos
ENTITY26VZVJHE29UYX,Cuckoo
ENTITY36OOUC88YW8XC,CURTAIN LABEL
ENTITY1ENSX4VKK54HX,Diamond Pocket Books Pvt Ltd
ENTITY2LY36RVH8ZZ74,D-Link
ENTITY3K8MAE28MVYX2,EasyCare
ENTITY1MQUQYDTVUI7L,Elofic
ENTITY2AH9C7FWZGQCD,Engino
ENTITY30OAKMSG2ETHV,F'loher
ENTITYSSS6F0BUDDTN,Flomaster
ENTITY9EX88S55QRNN,FREEDOM
ENTITYVXOMO2U1BCKS,Fyre
ENTITY16H9LWC3B48T9,GEAR
ENTITY1AJ1C760N7Q54,GETSUN
ENTITY64C67ZOW6Q8,Gimi
ENTITY6LLM8WSBUOFX,Grain Zero
ENTITY11XDWF3R45FUW,Handicraft Kottage
ENTITYVZPOPSPLM1GY,Hercules
ENTITY2C6TVYSFJJA62,Himanshu Rai (Srishti Publishers)
ENTITY1FAPIA2Z6PI8L,hisMane
ENTITY2QZO1YDMXOR9X,Home Candy
ENTITYF6ZQII9A2DXS,HOUSE OF QUIRK
ENTITYWTLOKK28ZDY4,Hush
ENTITY1XT06BQT23MN7,Iba Halal Care
ENTITY19LNNHYREB4CH,Inomata
ENTITY1H57QSJARZE5Z,INSTAPLAY
ENTITY3UFLJ16JNS0LP,Iveo
ENTITY3VKRBF4CZ6VMG,Jevi Prints
ENTITY336PLUE43T3UW,KASPERSKY
ENTITY2K9J245ZPCMBI,Keda
ENTITY1O7DTKCW4Q79E,Keya
ENTITY8PAYOYJR5D4V,K-Life
ENTITY1HKRYDV4HQR2J,Kodak Powerbanks
ENTITY3T9WO682853ZB,Kraft Seeds
ENTITYL9RFRC9C8AU7,Labrada Nutrition
ENTITY2SVZEVHK08U96,Leapfrog
ENTITY34G75GWZDXZHO,LeSportsac
ENTITY2IOQVOFF6ZK6J,lula
ENTITY1GJARDI6IEEO,Lulamom
ENTITY2YKSMXJIO18XU,Lux Lyra
ENTITY3HIRMKHEXA26J,MADE EASY PUBLICATIONS
ENTITY3FBYXF365OE9N,Man Arden
ENTITY1ND99SDVV9058,Marcus Marcus
ENTITY3KC9NJUXODMG5,MAXI
ENTITY36T92QOQUSMGU,MEXTECH
ENTITY2PN45RUHAHH6Q,miltop
ENTITY1MZ0Q8LWPOMCF,MIMMO ORGANICS
ENTITY22TKWBGXT7U2R,Miraan
ENTITY3S8O8Y3NSB1XI,Moha:
ENTITY3OCLMNE6KQ3VA,Mom & World
ENTITY26CV73GKC7ZDF,Mothercare
ENTITY3F173K89GIJYW,MSI
ENTITYPDJYCYBZL3FJ,MuscleXP
ENTITY6NW4MMR1OHST,Neosafe
ENTITY15NI8RK0TH64K,Nidhika Bahl
ENTITY33EAJD217G90F,Nourish Vitals
ENTITYLTBIUTDOY6RI,Nubliss
ENTITYXZMTLY7V0R17,Oball
ENTITY17VSRAV47CMRJ,ONESPORT
ENTITY2CYT9NCIQPB3J,ONN
ENTITYR0KLH08843A2,Pepe Jeans Innerfashion
ENTITYE06QB7PH6VNZ,Pepsodent
ENTITYPQVSWB6JOJTE,Pintola
ENTITYE1FEN9Z3SV7E,PremiumAV
ENTITY12NTD8DFBAZ8Y,ProFoods
ENTITYL0W0B6928RDM,PROMARK
ENTITYFWBFZ4B241UD,Proskit
ENTITY2GWAVKGQ52JXA,RajasthaniKart
ENTITYLI7ORT17XHYO,Relish
ENTITY2F1Z2DUBKNJWL,RELON
ENTITY2WORAHVG96I1C,Rena Germany
ENTITY1QLCTUARDXFW4,Rigo
ENTITY3TR7GKN0Q25MV,robotouch
ENTITYX2JP7SGSKEF1,RoyalsCart
ENTITY24AF48CLMDZU2,SandPuppy
ENTITY3UGT47SZ7IF94,Satya Paul
ENTITY1R8RC7D82IKOD,Scitron
ENTITY2HFPSWWKBYFVV,Scuderia Ferrari
ENTITY2RB4ZNQLJALKG,SnackAmor
ENTITY3SXV9NRFNDA4R,Snoopy
ENTITYVHOP2DRAJCN,Sony Playstation
ENTITY383MJU3FTADZ2,Soultree
ENTITY3AINWSQL50GGA,Status Quo Cubs
ENTITYO92FHSYP70AW,STOP
ENTITY1V5X2CNUYO7GN,Suhana
ENTITY1RZZQNYCG1FF,T2F
ENTITY2GXUAAO5NWHFY,TeaRaja
ENTITY2ZLCSTTENGRYG,Tetley
ENTITY235DAP6O5IFIL,Tuff Up
ENTITYZAM9Y9V0Q6T9,Typhoo
ENTITY3USZ2PGV4B5IS,Utkarsh Rai
ENTITY3Y0FZ3U5W5VE,Veeba
ENTITY21DDUPRVKR6QY,WatchOut Wearables
ENTITY2CN3559N5XV6J,XYZ Printing
ENTITY1AISWXBV5SZSF,Yankee Candles
ENTITY197DB58BMGAG5,Akshya
ENTITY249F59XN0IM3Q,ANSELL
ENTITY3BR8MTUANEUNQ,ascension
ENTITY1O9TBJKO15GUB,Churchill and Company
ENTITYKUBHD386WNM,Cloe Valentine
ENTITY1SIBX9OSRDB0T,cocosutra
ENTITY2L1KWT8T9YFB8,ELLE
ENTITY2C0NZQ7X9VCNM,Express Foods
ENTITY196SISJ7TOSR8,ifitech
ENTITY3TZWINDFSA7AZ,Itspleazure
ENTITY322TL223IUZLO,JerHigh
ENTITY26PLYAS231WOX,Jewels Galaxy
ENTITYZNG1MX7UIDZU,JVS
ENTITY39DZ0SI3X711C,Lapgrade
ENTITY2QKXU3C0Z3SR2,Lawman
ENTITY2G6EWZEB823TD,Pearl ocean
ENTITY2X67AI7N61UTU,Skylofts
ENTITY2SFJZH9WG2QES,Smart Shophar
ENTITY2U4E10SR9XMNW,Soapy Twist
ENTITY3MLDQXH0UEHWG,Spice it up
ENTITY3F00IJWWZB0MQ,v-mop
ENTITYRL7TKGLZ088Y,Xllent
ENTITY3IVXV2HVHBXP5,Roxxio
ENTITY1HQGDFJGUBUXS,Maxima
ENTITY3DTL4XX0K8GAF,New Age International Pvt Ltd
ENTITY1WXY0B88Y1HII,Juggernaut Books
ENTITY2CVUI4VBN1JX6,Creative Educational Aids P. Ltd
ENTITY3BXVEBLN7WD6M,Zealeo
ENTITY3LPMSM12DE34Y,Nirja Creation
ENTITYBQWX9YXIDS4X,Kridhay Natura Life
ENTITY16YCDND9TEI5P,Mystique
ENTITY3BKE13IQOS2N2,AEROHAVEN
ENTITY1R9IQZBHYNBUS,VOLAMENA WITH DEVICE
ENTITYDJACILZJK0FH,ROMEE
ENTITY8HUZ24E8CWDX,Kayra Decor
ENTITY3Q8YY9271Y41X,DEBOCK
ENTITY16ZN32B4SKNRH,Tom Martin
ENTITY14BDEPJ9WOLHN,Bergmann
ENTITY2OHDUEPSK4TJL,Adeptt
ENTITY3OM00Y3PYNRO9,Redgear
ENTITY2S1S8JTGUNTBH,Cera
ENTITY3FUY6JRTQPL0P,Rapesco
ENTITY2YGVOULT1USS6,Lux Cozi
ENTITY391LIHVFH2CUF,SWHF
ENTITY1TD5XGR8FJPM4,Trichup
ENTITY2H6PXUI1JZ7CN,FRENCH CONNECTION Watches
ENTITY1II2FQU0HQY53,Frubites
ENTITY1UM7QBNGNKO93,StBotanica
ENTITYHH96S48Y6GPR,Cenizas
ENTITY38JNSD1FWFBVZ,LIBRA
ENTITY527L4F394NDQ,Foolzy
ENTITY2MJOTVTI1SVXC,Teddy Roosevelt
ENTITYPMXR4NOFNMVZ,Endura
ENTITY14EG4FTM3L488,Cengage Learning India Pvt. Ltd.
ENTITY2P28FPG8054VT,KiKi
ENTITY17NTLFQCUWKNI,MI Fashion
ENTITY2WAVB7P0WF2H7,Molife
ENTITY298Y7TNH3NOE,Urban Platter
ENTITY1ZQ18LI9P6L5X,K&N
ENTITY13M2IJ0EX61PA,Pegasus
ENTITY278R4AR9RP3VB,Carlton London
ENTITYOD404BUCINJM,On1y
ENTITY2248O4KJFSVVS,Pan Macmillan India
ENTITY3EV331FJUXT2M,Somil
ENTITYYFLW6ZMFIL6U,Danika Publishing Company
ENTITY16P10AWKJ7STR,Dr Scholl
ENTITY3LOH5TFF4P6M8,Parcos
ENTITY1W8D99BU8OMCM,Bloomsbury India
ENTITY11SS0Y05KNBSZ,Love Organically
ENTITY1RJYIMTUNSQJK,iVooMi
ENTITYJNRE1O88DP58,Rajkamal Prakashan Pvt. Ltd.
ENTITY2W4PDT4X2IOGG,Sonata
ENTITYDZ1W6MB7ADXJ,Flying Machine Footwear
ENTITY2PG60G07N5S3W,Si Rosa by hopscotch
ENTITY7FJDM6PEBBI7,DOODLE
ENTITY3O5DUOAG0V68O,Dignity
ENTITY3UUSSCTKHKPG4,Pepe Jeans
ENTITY3DDH9VLR8131Q,LIVE TECH
ENTITY33X4HQDVWGLWF,Happily Unmarried
ENTITY3MD2P6NY5TDFE,Painting Mantra 
ENTITY3KBYTEAG8HBM1,Steelo
ENTITYPFIYEDZ0EYHF,SLEEPSPA
ENTITY78KH1ZFPSMB6,Quad Store
ENTITY21AG4GVECRVUW,HOGGERS
ENTITY2WN5Q25K0NVRA,Arvind Parashar (Srishti Publishers)
ENTITY1IRVL4C2GF6IO,Creation Lamis
ENTITY3Q5I4C40X3H51,Tulsi
ENTITY3TZ0AIL52M3DD,Protoner
ENTITY2V228L69035NH,Diana Korr
ENTITY9CS7UC4A25ZX,Salomon
ENTITYYQQ8E4HL2TOR,Sofstep
ENTITY3VBZUBPQT7YY8,Stephen Joseph
ENTITY2ZK4XH38JGIEU,Devanshi Sharma (Srishti Publishers)
ENTITYABP6YVWZXC8,ALLEXTREME
ENTITY18VFYC0J6KLO0,Trevi
ENTITY9D6HUTX27XHS,Sebamed India
ENTITY1QHEGLKNB5J0D,Chaiology
ENTITY1JDW4BFWSUO7E,Bellofox
ENTITYZ9XFPRWSYDM3,Chandan Mouth Freshener
ENTITYMI35HLH8KS4N,Just F
ENTITY2FO5O0RUS21CT,Dryfruit Mart
ENTITYR2WV600Q77GW,Kaspersky Lab
ENTITYOMQDAG0KKFN3,Ethnic Junction
ENTITY1FKP3RCGOPJIN,BIOMED
ENTITY59PMWCRWJKP0,ION Audio
ENTITY2P8OQN5E6FY75,Prowl
ENTITY14MYHQ1YL6JA3,Flow
ENTITY7ZVUETSKE33P,1KLICK
ENTITY14S2THP7E6XHD,Panjon
ENTITY2LOSNBOV6OGFV,ZIYAA
ENTITY15G5Q60MOFBH,ViewSonic
ENTITY1KU2GSYLOHVS5,Banjara
ENTITY2U1SJM8I9U5QH,Onlineshoppee
ENTITY33SAW77I6OW26,Gamdias
ENTITY3JKSR81BV6UQC,GoBio
ENTITY36FOG1WPZLEK7,Gian Kumar
ENTITY17VPA0782RAOR,Eveready Industries India Ltd
ENTITY1ZL5HOQKETLMX,Suravi Sharma Kumar
ENTITY4OIJHK78YQSR,Lux Venus
ENTITY1IBRYY0C34QBH,eKlasse
ENTITYU4WRNXGB72F5,HOMEFOIL
ENTITY3OSC8P6WM90GG,Emotix
ENTITY2AAGXV9TS7ASV,CAT
ENTITY1TPRGE8UAGO2O,Klipsch
ENTITY2B0CPUCHCBEOX,GoButtonskart
ENTITY21HKOYO21390H,BodyHerbals
ENTITY21W63NZHGYXGI,Quantum Naturals
ENTITY1NFO0WJSQZ97L,MLESNA TEA BAGS
ENTITY3ID4DOMQAWV8I,Winza Designer
ENTITY1PIK9B5BYYWPO,Prakrta
ENTITY1H6HQYY7BAO1X,INDISWAN
ENTITY1UJF5DX75XQT0,Swiss Gear
ENTITY1BT5PA3UTMJLG,Metier
ENTITY12OLYOGGO009A,MESMARA
ENTITY2XRTXFHXHJC5Q,Yark
ENTITY2FZG2OFWPWLQI,Purepet
ENTITY24H4BYXND139T,MANYAVAAR SPICE
ENTITY3HWXKFKG2NIRF,Foster
ENTITY2AE7BUE57T75F,Auravedic
ENTITY1U3LAOA5TFDCD,SMART PICKS
ENTITY151FROB5V8C4L,Onikuma
ENTITY19WOK7B8VSHZB,Geroo Jaipur
ENTITY3TSWTBE46GX9I,Rudra Prasad De
ENTITY2HSED01QO0JM7,UniQual
ENTITY2QX621BBPZWNT,Osking
ENTITY235QYLU7M1B9Q,Mustela
ENTITY2MWXVXZWI1HFK,Indianara
ENTITY255O6V9J827U5,Blissta
ENTITY9P9U6VM1FMN2,Visiaro
ENTITYDN7AYMV6EEUD,Ocean
ENTITY1QQLTU4LTWK3P,FORME
ENTITY2K209ZY9JAC2P,Fabrilla
ENTITY1IB798ZUFH3GI,Pirates
ENTITYINWJ2XS76KA3,KOTTY
ENTITY1E2MWE82K3ULO,True Elements
ENTITY2RA7DRF3ULOEQ,Sound One
ENTITY3KTUOUTSJXW6H,Goodwyn
ENTITY2MRFBNWBOBNQ9,Original Indian Table
ENTITY12YV64MD1UHVC,Happilo
ENTITYUEFSYKR5BZUD,Kapiva Ayurveda
ENTITY1M8CEGEBYBC8Z,TP-LINK INDIA PVT LTD
ENTITY2H68SS8AM71Z7,VK Global Publications Pvt. Ltd.
ENTITY1P78L2FXWNQVE,Smartivity
ENTITY2ESG0OKV742LZ,Wiley
ENTITY8QN1OIDW3942,TOSAA
ENTITYPIIJJBR6AQG0,CloudWalker
ENTITY1ZUHY3ZAW55SG,Signoraware
ENTITY3CFZ09NXLVO76,Home Puff
ENTITY26MFIJDVADIAV,Tizum
ENTITYK6EXC7SMDPSE,GIZGA Essentials
ENTITY34IZ0MRZ4F7QY,Aircase
ENTITYMQH01D185WTS,Vaadi Herbals
ENTITY37JAOP8ZMIE6,Pigeon
ENTITY3R7PR0L6L34T6,Sukkhi
ENTITY1SCS49EL81KND,Alton
ENTITY2QZGCMRMWCV9O,Swiss Military
ENTITY256G4P5K3EDW2,Clapbox
ENTITY8JY9ZPPI9D9G,Parag Fragrances
ENTITYEMJHOF1CGWA9,Goldmedal
ENTITY111GKG79252CO,ZOOOK
ENTITY2XNHYVX3G33TV,BATHLA
ENTITY3NHQSS2YGSPJY,Sharp Appliances
ENTITY1ON2VHMSLGZ5P,Camlin
ENTITY3VZ00HK5DNVBW,Sricam
ENTITYXZU1C6RUI6ZE,Coleman
ENTITY16TM2KLA7YP45,Nasher Miles
ENTITYZIJ9NS621I3V,Noise
ENTITYRB8ASCA2Y04O,Toiing
ENTITY1PWPVW6FZWQIW,Rouh Essentials
ENTITY3IR4YBXS8RC9Y,Aqualite
ENTITY1JB8QUBRHQN1,Pet Wholesale
ENTITY281H54QCRGM8T,Soulfull
ENTITYKEQZ7L3YI7TQ,Melissa & Doug
ENTITYTVMRX9H6K0CH,Leaf
ENTITY1V86AXYV8ALVX,Strontium
ENTITY2CBJMQWKTJ7UE,SANYO
ENTITY25IGAIVQ85V2E,SANYO AC
ENTITY22WMDF7Q5ROHS,Jabra
ENTITY4OGRAMJ5WPOG,Dennis Lingo
ENTITY20W0C8X6WZJ34,iBlocks
ENTITYCPF89TFPFL1W,ADATA
ENTITYJV1ZHDC2488D,Pigeon Steel
ENTITY1IPYUSS8OIKMH,Acoosta
ENTITY1AXX3K8HIEVTT,IN2
ENTITY1TRG93080N3QG,Archies
ENTITY12SWSB1XA8HHY,Story@Home
ENTITY19NYIP7JNCH5K,Columbia Sportswear
ENTITY1VE19VA3QEXIX,Nova
ENTITY1K4PCI7RJZBPY,Zaveri Pearls
ENTITYP9MH0PRT7XAM,Mother Sparsh
ENTITYF2O1MTJ2T4QC,Mercedes Benz
ENTITY1MQ5V0PGKYSSM,Claw
ENTITY1NL5TZ1UWYVYO,Funko
ENTITY32M94DX7LPS3Y,Hatchimals
ENTITY2AHS38EFIUU0T,How to train your dragons 3
ENTITY1F3DBLF5O8J5E,Shopkins
ENTITY1169ZC8GWV32O,Paw Patrol
ENTITY30NXBRRM7HFZS,Beados
ENTITY2EAU8VDQ8AVOJ,Cra-z-art
ENTITY2OQG97JOI0CWI,Little Tikes
ENTITY2AWGGY4FCGD2A,Air Storm
ENTITYI2I2IN5YQOMZ,Treasure X
ENTITYDVWLAAWO3MPL,Hairdoorables
ENTITY209WO3UQUUOHC,Fortnite
ENTITY24POB3LQJDDWT,P J Mask
ENTITY1F4W87AUB2XG0,Little live pets 
ENTITY1F1IBKB7VKM50,Pik me Pop 
ENTITY3EIQITOFKFHQH,Scruff a luv
ENTITY37NB847P7I9GZ,Summer Infant
ENTITY1SZ4B5U3BS41T,F Gear
ENTITYBRFOGUNFN4ZN,Wildhorn
ENTITY1562W1B16OYSF,Walkway Shoes
ENTITY7VF4XNJ59L6E,Catwalk
ENTITYMOSE7KY3A69J,Aroma Treasures
ENTITY1HINMKS4Q1Y8I,Portabites
ENTITY3RCORM2IXR736,Lol Surprise
ENTITY2I00JBEQGAGP0,Maono
ENTITY2ODG05JG7C53Z,Slimi Cafe
ENTITY3D3AGSNWHPVNP,Creative